<?xml version="1.0" encoding="UTF-8"?>
<folder>
    <parent>/</parent>
    <name>themes</name>
    <label>Themes</label>
    <creationDate>2011-07-07T18:41:05.000+02:00</creationDate>
    <updateDate>2011-06-03T22:47:30.000+02:00</updateDate>
    <folder>default</folder>
    <folder>hale</folder>
    <folder>pods_summer</folder>
    <permission>
        <permissionMask>32</permissionMask>
        <recipient recipientType="role">ROLE_USER</recipient>
    </permission>
    <permission>
        <permissionMask>0</permissionMask>
        <recipient recipientType="role">ROLE_ANONYMOUS</recipient>
    </permission>
</folder>
