<?xml version="1.0" encoding="UTF-8"?>
<folder>
    <parent>/</parent>
    <name>datatypes</name>
    <label>Input data types</label>
    <creationDate>2011-07-07T18:41:05.000+02:00</creationDate>
    <updateDate>2011-06-03T22:46:46.000+02:00</updateDate>
    <resource>date</resource>
    <resource>date_type</resource>
    <resource>from_date</resource>
    <resource>language</resource>
    <resource>language_list</resource>
    <resource>location_mapping</resource>
    <resource>location_mapping_sql</resource>
    <resource>order_by</resource>
    <resource>order_by_list</resource>
    <resource>severity_mapping</resource>
    <resource>severity_mapping_sql</resource>
    <resource>status_mapping</resource>
    <resource>status_mapping_sql</resource>
    <resource>system_mapping</resource>
    <resource>system_mapping_sql</resource>
    <resource>to_date</resource>
    <permission>
        <permissionMask>0</permissionMask>
        <recipient recipientType="role">ROLE_ANONYMOUS</recipient>
    </permission>
</folder>
