<?xml version="1.0" encoding="UTF-8"?>
<listOfValues>
    <folder>/datatypes</folder>
    <name>language_list</name>
    <version>0</version>
    <label>language_list</label>
    <creationDate>2011-07-07T18:46:19.000+02:00</creationDate>
    <updateDate>2011-07-07T18:46:19.000+02:00</updateDate>
    <item>
        <itemLabel>English</itemLabel>
        <itemValue xmlns:xsi="http://www.w3.org/2001/XMLSchema-instance" xsi:type="java:java.lang.String">br_BR</itemValue>
    </item>
    <item>
        <itemLabel>French</itemLabel>
        <itemValue xmlns:xsi="http://www.w3.org/2001/XMLSchema-instance" xsi:type="java:java.lang.String">fr_FR</itemValue>
    </item>
</listOfValues>
