<?xml version="1.0" encoding="UTF-8"?>
<listOfValues>
    <folder>/datatypes</folder>
    <name>order_by_list</name>
    <version>0</version>
    <label>order_by_list</label>
    <creationDate>2011-07-07T18:46:19.000+02:00</creationDate>
    <updateDate>2011-07-07T18:46:19.000+02:00</updateDate>
    <item>
        <itemLabel>Time</itemLabel>
        <itemValue xmlns:xsi="http://www.w3.org/2001/XMLSchema-instance" xsi:type="java:java.lang.String">SCSTime</itemValue>
    </item>
    <item>
        <itemLabel>Severity</itemLabel>
        <itemValue xmlns:xsi="http://www.w3.org/2001/XMLSchema-instance" xsi:type="java:java.lang.String">Severity</itemValue>
    </item>
    <item>
        <itemLabel>Location</itemLabel>
        <itemValue xmlns:xsi="http://www.w3.org/2001/XMLSchema-instance" xsi:type="java:java.lang.String">GeographicalCategory</itemValue>
    </item>
</listOfValues>
