<?xml version="1.0" encoding="UTF-8"?>
<query>
    <folder>/datatypes</folder>
    <name>status_mapping_sql</name>
    <version>0</version>
    <label>status_mapping_sql</label>
    <creationDate>2011-07-07T18:46:19.000+02:00</creationDate>
    <updateDate>2011-07-07T18:46:19.000+02:00</updateDate>
    <language>sql</language>
    <queryString>SELECT DISTINCT value, value2 FROM status_mapping ORDER BY id;</queryString>
    <dataSource>
        <uri>/datasources/hearts_jdbc</uri>
    </dataSource>
</query>
