<?xml version="1.0" encoding="UTF-8"?>
<inputControl>
    <folder>/datatypes</folder>
    <name>system_mapping</name>
    <version>0</version>
    <label>system</label>
    <creationDate>2011-07-07T18:46:19.000+02:00</creationDate>
    <updateDate>2011-07-07T18:46:19.000+02:00</updateDate>
    <type>4</type>
    <mandatory>true</mandatory>
    <readOnly>false</readOnly>
    <visible>true</visible>
    <query>
        <uri>/datatypes/system_mapping_sql</uri>
    </query>
    <queryVisibleColumn>value2</queryVisibleColumn>
    <queryValueColumn>value</queryValueColumn>
</inputControl>
