<?xml version="1.0" encoding="UTF-8"?>
<jdbcDataSource>
    <folder>/datasources</folder>
    <name>hearts_jdbc</name>
    <version>0</version>
    <label>hearts_jdbc</label>
    <creationDate>2011-07-07T18:46:19.000+02:00</creationDate>
    <updateDate>2011-07-07T18:46:19.000+02:00</updateDate>
    <driver>com.mysql.jdbc.Driver</driver>
    <connectionUrl>jdbc:mysql://10.198.158.19/hearts</connectionUrl>
    <connectionUser>hearts</connectionUser>
    <connectionPassword>hearts</connectionPassword>
</jdbcDataSource>
