<?xml version="1.0" encoding="UTF-8"?>
<folder>
    <name>/</name>
    <label>root</label>
    <description>Root of the folder hierarchy</description>
    <creationDate>2011-07-07T18:41:05.000+02:00</creationDate>
    <updateDate>2011-06-03T22:46:44.000+02:00</updateDate>
    <folder>datasources</folder>
    <folder>datatypes</folder>
    <folder>images</folder>
    <folder>reports</folder>
    <folder>themes</folder>
    <permission>
        <permissionMask>1</permissionMask>
        <recipient recipientType="role">ROLE_ADMINISTRATOR</recipient>
    </permission>
    <permission>
        <permissionMask>2</permissionMask>
        <recipient recipientType="role">ROLE_USER</recipient>
    </permission>
    <permission>
        <permissionMask>2</permissionMask>
        <recipient recipientType="role">ROLE_ANONYMOUS</recipient>
    </permission>
</folder>
